111,Thi Pham,thi321@gmail.com,0934825467,thi12345,thi88888,LEADER
716,Thi Pham,thi123@gmail.com,0987654321,thi001,thi0987654,LEADER
871,Thi Pham,thi154@gmail.com,0987678543,thi0987,jhfjhf09809,LEADER
890,Thi Pham,thi098@gmail.com,0987676676,thi989898,thi878787,LEADER
708,Thi Pham,thi13245@hgf.com,0966538777,thi787878,787878thi,MEMBER
500,Thi Pham ,thi456@gmail.com,0987654765,thi989890,0987876877thi,MEMBER
135,Thi Pham,thi6354@gmal.com,0987678876,thi832756,dsfg8756,LEADER
943,Tthi Pham,thi12345@hihi.com,0987123456,thi8754,dhfajhf7386,LEADER
358,Hang Dinh,hang100@gmail.com,0987878787,hang12345,hang12345,LEADER
438,Ho Ly ,holy123@gmail.com,0987656565,ly12345,quynhanh123,LEADER
590,Triet Nguyen,triet123@gmail.com,0987565656,triet12345,54321triet,LEADER
717,Ngan Huynh,ngan123@gmail.com,0987987987,ngan12345,54321ngan,LEADER
323,Han Nguyen,han@yahoo.com,0987874563,han12345,54321han,LEADER
